Iphones,Deals, price
"APPLE iPhone 13 (Blue, 128 GB)","₹60,999","₹69,900"
"APPLE iPhone 13 (Starlight, 128 GB)","₹60,999","₹69,900"
"APPLE iPhone 13 (Midnight, 128 GB)","₹60,999","₹69,900"
"APPLE iPhone 13 (Pink, 128 GB)","₹60,999","₹69,900"
"APPLE iPhone 13 (Green, 128 GB)","₹60,999","₹69,900"
"APPLE iPhone 14 (Starlight, 128 GB)","₹69,999","₹79,900"
"APPLE iPhone 14 (Midnight, 128 GB)","₹69,999","₹79,900"
"APPLE iPhone 11 (Black, 128 GB)","₹44,999","₹48,900"
"APPLE iPhone 11 (White, 64 GB)","₹41,999","₹43,900"
"APPLE iPhone 11 (White, 128 GB)","₹44,999","₹48,900"
"APPLE iPhone 14 Plus (Midnight, 128 GB)","₹79,999","₹89,900"
"APPLE iPhone 14 Plus (Blue, 128 GB)","₹79,999","₹89,900"
"APPLE iPhone 11 (Black, 64 GB)","₹40,999","₹43,900"
"APPLE iPhone 14 (Midnight, 256 GB)","₹79,999","₹89,900"
"APPLE iPhone 12 (Purple, 64 GB)","₹53,999","₹59,900"
"APPLE iPhone 14 (Purple, 256 GB)","₹79,999","₹89,900"
"APPLE iPhone 14 (Blue, 256 GB)","₹79,999","₹89,900"
"APPLE iPhone 14 (Purple, 128 GB)","₹69,999","₹79,900"
"APPLE iPhone 14 Plus ((PRODUCT)RED, 128 GB)","₹79,999","₹89,900"
"APPLE iPhone 14 Pro (Space Black, 128 GB)","₹1,20,999","₹1,29,900"
"APPLE iPhone 12 (Blue, 64 GB)","₹53,999","₹59,900"
"APPLE iPhone 12 (Black, 64 GB)","₹53,999","₹59,900"
"APPLE iPhone 14 (Blue, 128 GB)","₹69,999","₹79,900"
"APPLE iPhone 14 Plus (Starlight, 128 GB)","₹79,999","₹89,900"
